{"Tina": 1680.0, "Kevin": 1656.460389893312, "Fiona": 1520, "Xiran": 1617.3781277447108, "Maggie": 1507.4000659231408, "Marcus": 1700, "Long": 1690, "Duy": 1612.6218722552892, "Virgil": 1633.539610106688, "Iris": 1494.2177639851648, "Wyna": 1550, "Elena": 1560, "Alina": 1550, "Marco": 1554, "Jacob": 1768.3821700916944}